title,authors,year,abstract,keywords,doi,url,venue,type,source
Generative Artificial Intelligence Policies under the Microscope,"Mahjabin Nahar, Sian Lee, Rebekah Guillen, Dongwon Lee",2025,How computer science conferences are navigating the new frontier in scholarly writing.,,10.1145/3720536,https://dl.acm.org/doi/10.1145/3720536,"Communications of the ACM (CACM), Volume 68, Issue 7Pages 29–33https://doi.org/10.1145/3720536",article,ACM
Machine Learning on Graphs in the Era of Generative Artificial Intelligence,"Yu Wang, Yu Zhang, Zhichun Guo, Harry Shomer, Haoyu Han, Tyler Derr, Nesreen K. Ahmed, Mahantesh Halappanavar, Jiliang Tang",2025,"Graphs, which encode pairwise relations between entities, serve as a fundamental data structure across real-world domains. Many critical applications can be formulated as graph-based tasks, and graph machine learning (GML), from the shallow embedding ...",,10.1145/3711896.3737870,https://dl.acm.org/doi/10.1145/3711896.3737870,KDD '25: Proceedings of the 31st ACM SIGKDD Conference on Knowledge Discovery and Data Mining V.2Pages 6296–6297https://doi.org/10.1145/3711896.3737870,article,ACM
Experiencing Art Museum with a Generative Artificial Intelligence Chatbot,"Huan Wang, Andrii Matviienko",2025,"Generative Artificial Intelligence (GenAI) chatbots start changing experiences with art for museum visitors by making them more interactive and engaging. However, it remains underexplored how GenAI chatbots influence visitors’ in-field experience and ...",,10.1145/3706370.3731650,https://dl.acm.org/doi/10.1145/3706370.3731650,IMX '25: Proceedings of the 2025 ACM International Conference on Interactive Media ExperiencesPages 430–436https://doi.org/10.1145/3706370.3731650,article,ACM
Analyzing Students' Use of Generative Artificial Intelligence in Collaborative Problem Solving,"Xiuyu Chen, Shihui Feng",2025,"This study analyzed how students used generative artificial intelligence (GAI) tools in collaborative problem solving. We examined students’ GAI usage using conversational data and screen recordings from 12 groups, each comprising three university ...",,10.1145/3715070.3749257,https://dl.acm.org/doi/10.1145/3715070.3749257,CSCW Companion '25: Companion Publication of the 2025 Conference on Computer-Supported Cooperative Work and Social ComputingPages 385–389https://doi.org/10.1145/3715070.3749257,article,ACM
Network Security Issues Caused by Generative Artificial Intelligence,Baiqiang Liu,2025,"It has recently emerged that generative Artificial Intelligence (AI) has been significantly developed and can create realistic speech, images, and video. Although such innovations provide many advantages, they pose major threats to the network's security. ...",,10.1145/3726010.3726029,https://dl.acm.org/doi/10.1145/3726010.3726029,"ICADI '24: Proceedings of the 2024 International Conference on Artificial Intelligence, Digital Media Technology and Interaction DesignPages 132–136https://doi.org/10.1145/3726010.3726029",article,ACM
The relationship between generative artificial intelligence and cybersecurity,"Peter Banyasz, Tamas Szadeczky, Kincso Boroka Vaczi",2024,This research paper investigates the adoption of generative artificial intelligence by citizens using the Technology Adoption Propensity (TAP) index. The study aims to explore the influence of cybersecurity factors on the acceptance of generative ...,,10.1145/3670243.3670781,https://dl.acm.org/doi/10.1145/3670243.3670781,CEEeGov '24: Proceedings of the Central and Eastern European eDem and eGov Days 2024Pages 209–215https://doi.org/10.1145/3670243.3670781,article,ACM
ACM TechBrief: Generative Artificial Intelligence,"David Leslie, Francesca Rossi",2023,,,full/10.1145/3626110,https://dl.acm.org/doi/full/10.1145/3626110,,article,ACM
GAIB '25: Proceedings of the 2025 International Conference on Generative Artificial Intelligence for Business,"0
 
Highlights",2025,,,proceedings/10.1145/3766918,https://dl.acm.org/doi/proceedings/10.1145/3766918,,article,ACM
Application of Generative Artificial Intelligence for Epidemic Modeling,"Hannah Danielle Ladera Villaplana, Jaeyoung Kwak, Michael H. Lees, Hongying Li, Wentong Cai",2025,"Epidemic models have become increasingly useful, especially in the wake of the recent COVID-19 pandemic, emphasizing the crucial role of human behavior in the spread of disease. There has been a recent rise in the usage and popularity of generative ...",,10.5555/3712729.3712955,https://dl.acm.org/doi/10.5555/3712729.3712955,WSC '24: Proceedings of the Winter Simulation ConferencePages 2727–2738,article,ACM
Application analysis of generative artificial intelligence in basic education,"Xiaoming Qiu, Shu Zhang",2025,"This paper makes a detailed analysis of the application of Generative ARTIFICIAL intelligence in the field of basic education, and clarifies the existing problems, including the alienation of teaching process, the adaptation of teachers and students to ...",,10.1145/3723420.3723428,https://dl.acm.org/doi/10.1145/3723420.3723428,"EBIMCS '24: Proceedings of the 2024 7th International Conference on E-Business, Information Management and Computer SciencePages 41–46https://doi.org/10.1145/3723420.3723428",article,ACM
Behavioral Analysis of Classroom Interactions Supported by Generative Artificial Intelligence,"Jiacun Wen, Yi Lin, Nian Si",2025,"Generative artificial intelligence, represented by Chatgpt, has been developing rapidly because of its superiority in form and process, covering almost all industries. In order to comply with the development of technology, some classroom teaching also ...",,10.1145/3711403.3711410,https://dl.acm.org/doi/10.1145/3711403.3711410,ICETM '24: Proceedings of the 2024 7th International Conference on Educational Technology ManagementPages 49–54https://doi.org/10.1145/3711403.3711410,article,ACM
"Generative Artificial Intelligence Enabling Fragmented Learning: Status, Challenges and Optimization Strategies","Wenjing Zhang, Linying Zou",2025,"The rapid evolution of mobile Internet and artificial intelligence technology has pushed Fragmented Learning to the main learning space for college students and lifelong learners. While Fragmented Learning brings convenience, it also faces challenges such ...",,10.1145/3746469.3746486,https://dl.acm.org/doi/10.1145/3746469.3746486,EDCS '25: Proceedings of the 2nd Guangdong-Hong Kong-Macao Greater Bay Area Education Digitalization and Computer Science International ConferencePages 94–99https://doi.org/10.1145/3746469.3746486,article,ACM
Automated Discourse Analysis via Generative Artificial Intelligence,"Ryan Garg, Jaeyoung Han, Yixin Cheng, Zheng Fang, Zachari Swiecki",2024,"Coding discourse data is critical to many learning analytics studies. To code their data, researchers may use manual techniques, automated techniques, or a combination thereof. Manual coding can be time-consuming and error prone; automated coding can be ...",,10.1145/3636555.3636879,https://dl.acm.org/doi/10.1145/3636555.3636879,LAK '24: Proceedings of the 14th Learning Analytics and Knowledge ConferencePages 814–820https://doi.org/10.1145/3636555.3636879,article,ACM
Trends and Challenges of Educational Application of Generative Artificial Intelligence,"Peijie Zhou, Haixia Xu, Yang Tan, Meilan Liu, Xia Zhou, Wenbo Xiong, Jianrong Li",2025,The fast-paced development of generative artificial intelligence (GAI) has opened up new possibilities for innovation in education. This research searches the academic literature from the Web of Science (WoS) and China National Knowledge Infrastructure (...,,10.1145/3722237.3722379,https://dl.acm.org/doi/10.1145/3722237.3722379,ICAIE '24: Proceedings of the 2024 3rd International Conference on Artificial Intelligence and EducationPages 814–820https://doi.org/10.1145/3722237.3722379,article,ACM
Themes in the Declared Use of Generative Artificial Intelligence in Assessment,"Joseph Maguire, Rosanne English, Qi Cao, Chee Kiat Seow",2025,"Generative Artificial Intelligence use by students completing assessments has been an area of concern for academics. Some educators believe such use will undermine all assessment, while others think it has the potential to revolutionise assessments. This ...",,10.1145/3702212.3702217,https://dl.acm.org/doi/10.1145/3702212.3702217,CEP '25: Proceedings of the 9th Conference on Computing Education PracticePages 17–20https://doi.org/10.1145/3702212.3702217,article,ACM
Generative Artificial Intelligence Enables Multiple Learning Environments and Implementation Paths,"Ruishuang Jiang, Xiangchun He, Shaojun Zhang, Yaxin Zhou, Yuqi Han",2025,"This paper explores the application of generative artificial intelligence in the field of education and its potential to enhance multiple learning environments. Generative AI is a powerful tool capable of simulating human creativity and imagination, and ...",,10.1145/3711403.3711436,https://dl.acm.org/doi/10.1145/3711403.3711436,ICETM '24: Proceedings of the 2024 7th International Conference on Educational Technology ManagementPages 187–193https://doi.org/10.1145/3711403.3711436,article,ACM
The Mode and Practice Path of Generative Artificial Intelligence Empowerment Classroom Teaching -- Based on Grounded Theory,"Xiaoqing Zhang, Shipian Xu, Yuhui Jing",2025,"The integration of Generative Artificial Intelligence (GAI) in education has garnered increasing attention due to its transformative potential in classroom teaching. Using grounded theory, this study analyzes relevant policy texts and teaching case ...",,10.1145/3734921.3734931,https://dl.acm.org/doi/10.1145/3734921.3734931,GADM '25: Proceedings of the 2025 International Conference on Generative Artificial Intelligence and Digital MediaPages 58–62https://doi.org/10.1145/3734921.3734931,article,ACM
Tribal Knowledge Cocreation in Generative Artificial Intelligence Systems,"Yi-Fan Wang, Yu-Che Chen, Yen-Chen Huang, Carol Redwing, Chun-Hua Tsai",2024,"Generative Artificial Intelligence (AI) systems bring innovative ways of information provision and knowledge delivery. In the public sector, generative AI has the potential to decrease bureaucratic discretion in the decision-making process. Increasing ...",,10.1145/3657054.3657129,https://dl.acm.org/doi/10.1145/3657054.3657129,dg.o '24: Proceedings of the 25th Annual International Conference on Digital Government ResearchPages 637–644https://doi.org/10.1145/3657054.3657129,article,ACM
Optimizing Teaching Approaches in Adolescent Ethics Education via Generative Artificial Intelligence,"Yanlong Huang, Aihua Yang, Qiong Wu",2025,The utilization of generative artificial intelligence (GAI) tools like ChatGPT and DeepSeek is bringing about significant changes in educational practices and learning environments. This alteration underlines the necessity to look into how AI can enhance ...,,10.1145/3746469.3746566,https://dl.acm.org/doi/10.1145/3746469.3746566,EDCS '25: Proceedings of the 2nd Guangdong-Hong Kong-Macao Greater Bay Area Education Digitalization and Computer Science International ConferencePages 619–624https://doi.org/10.1145/3746469.3746566,article,ACM
Research on the Collaborative Learning Model between Higher Vocational Students and Generative Artificial Intelligence,"Jing He, Dan Zhang, Xiaoyang Xu, Fangrong Wu, Yan Su",2025,"With the rapid development of Generative Artificial Intelligence (GAI), its application in the field of education provides new opportunities and challenges for teaching reform. This study introduces GAI into the course learning process of vocational ...",,10.1145/3748825.3748844,https://dl.acm.org/doi/10.1145/3748825.3748844,DSAI '25: Proceedings of the 2025 2nd International Conference on Digital Society and Artificial IntelligencePages 110–114https://doi.org/10.1145/3748825.3748844,article,ACM
Co-designing a conversational generative artificial intelligence system for youth mental health,"Adam Poulsen, Ian B Hickie, Zsofi de Haan, William Capon, Haley M LaMonica, Ebenezer Eyeson-Annan, Jalal Radwan, Nia Barnabie, Elizabeth M Scott, Frank Iorfino",2025,"Conversational generative artificial intelligence (AI) is positioned to benefit youth mental health significantly. Chatbots, virtual assistants, and other conversational generative AI can play a key role in easing the burden on services and clinicians, ...",,10.1145/3706599.3719696,https://dl.acm.org/doi/10.1145/3706599.3719696,"CHI EA '25: Proceedings of the Extended Abstracts of the CHI Conference on Human Factors in Computing SystemsArticle No.: 138, Pages 1–7https://doi.org/10.1145/3706599.3719696",article,ACM
Social Dangers of Generative Artificial Intelligence: Review and Guidelines,"Alan Yang, T. Andrew Yang",2024,"In this paper, we provide a detailed survey of generative artificial intelligence (GAI) and examine the perceived social problems, including those that are currently apparent and those that can potentially be caused by the technology. After the ...",,10.1145/3657054.3664243,https://dl.acm.org/doi/10.1145/3657054.3664243,dg.o '24: Proceedings of the 25th Annual International Conference on Digital Government ResearchPages 654–658https://doi.org/10.1145/3657054.3664243,article,ACM
Software Engineering Research in a World with Generative Artificial Intelligence,Martin Rinard,2024,Generative artificial intelligence systems such as large language models (LLMs) exhibit powerful capabilities that many see as the kind of flexible and adaptive intelligence that previously only humans could exhibit. I address directions and implications ...,,10.1145/3597503.3649399,https://dl.acm.org/doi/10.1145/3597503.3649399,"ICSE '24: Proceedings of the IEEE/ACM 46th International Conference on Software EngineeringArticle No.: 2, Pages 1–5https://doi.org/10.1145/3597503.3649399",article,ACM
Research on the Status Quo of Rural Teaching Based on Generative Artificial Intelligence,Naolamu Sai,2025,"In the field of education, generative artificial intelligence is gradually becoming a key force to promote educational innovation and intelligent development. This technology simulates the process of human creation, generates innovative and practical ...",,10.1145/3711403.3711454,https://dl.acm.org/doi/10.1145/3711403.3711454,ICETM '24: Proceedings of the 2024 7th International Conference on Educational Technology ManagementPages 309–314https://doi.org/10.1145/3711403.3711454,article,ACM
GADM '25: Proceedings of the 2025 International Conference on Generative Artificial Intelligence and Digital Media,"0 4,624
 
Highlights",2025,,,proceedings/10.1145/3734921,https://dl.acm.org/doi/proceedings/10.1145/3734921,,article,ACM
QuizWiz: Integrating Generative Artificial Intelligence in an Online Study Tool,"Ali Husain Almadhoob, Akbar Sayed Kadhem Saleh, Fatema Akbar",2025,"The recent emergence of Generative Artificial Intelligence (GenAI) tools, such as ChatGPT, has introduced revolutionary capabilities that are predicted to transform numerous facets of society. For students, the advent of GenAI has the potential to ...",,10.1145/3704289.3704296,https://dl.acm.org/doi/10.1145/3704289.3704296,ICBDE '24: Proceedings of the 2024 7th International Conference on Big Data and EducationPages 87–96https://doi.org/10.1145/3704289.3704296,article,ACM
CARING-AI: Towards Authoring Context-aware Augmented Reality INstruction through Generative Artificial Intelligence,"Jingyu Shi, Rahul Jain, Seunggeun Chi, Hyungjun Doh, Hyung-gun Chi, Alexander J. Quinn, Karthik Ramani",2025,"Context-aware AR instruction enables adaptive and in-situ learning experiences. However, hardware limitations and expertise requirements constrain the creation of such instructions. With recent developments in Generative Artificial Intelligence (Gen-AI), ...",,10.1145/3706598.3713348,https://dl.acm.org/doi/10.1145/3706598.3713348,"CHI '25: Proceedings of the 2025 CHI Conference on Human Factors in Computing SystemsArticle No.: 29, Pages 1–23https://doi.org/10.1145/3706598.3713348",article,ACM
Exploration and research of generative artificial intelligence on higher vocational education,"Ming Deng, Suying Meng",2024,"Under the background of the rapid development of generative artificial intelligence, this paper deeply discusses the impact of generative artificial intelligence on higher vocational education, mainly from the following aspects. The first is the level of ...",,10.1145/3691720.3691809,https://dl.acm.org/doi/10.1145/3691720.3691809,EKI '24: Proceedings of the 2nd International Conference on Educational Knowledge and InformatizationPages 520–525https://doi.org/10.1145/3691720.3691809,article,ACM
How Do Information Technology Professionals Use Generative Artificial Intelligence?,"Patricia de Oliveira Santos, Allan Chamon Figueiredo, Pedro Nuno Moura, Bruna Diirr, Adriana C. F. Alvim, Rodrigo Pereira Dos Santos",2024,"Context: The emergence of generative Artificial Intelligence (AI) and, more recently, the dissemination of Copilot, ChatGPT-3 and similar tools have broadened the discussion about the possibility of using generative AI tools in many professional segments ...",,10.1145/3658321.3658367,https://dl.acm.org/doi/10.1145/3658321.3658367,"SBSI '24: Proceedings of the 20th Brazilian Symposium on Information SystemsArticle No.: 56, Pages 1–9https://doi.org/10.1145/3658321.3658367",article,ACM
Research on the Capacity of Generative Artificial Intelligence to Assist Higher Vocational Spoken English Teaching ——Analysis based on SPSS,Yang Liu,2025,"The application of generative artificial intelligence (GAI) in education is increasingly widespread, which brings innovation to the traditional spoken English teaching in higher vocational colleges. Based on Complex Dynamic Systems Theory (CDST), we ...",,10.1145/3734921.3734933,https://dl.acm.org/doi/10.1145/3734921.3734933,GADM '25: Proceedings of the 2025 International Conference on Generative Artificial Intelligence and Digital MediaPages 71–75https://doi.org/10.1145/3734921.3734933,article,ACM
Generation and Evaluation of International Chinese Teaching Resources by Generative Artificial Intelligence,"Wen-di Zhang, Huan-xin Dou",2025,Generative artificial intelligence has set off a new round of intelligent revolution and promoted the reform and development of the education industry. The development of international Chinese education also requires the digitalization and intelligence ...,,10.1145/3724504.3724537,https://dl.acm.org/doi/10.1145/3724504.3724537,ICIEAI '24: Proceedings of the 2024 2nd International Conference on Information Education and Artificial IntelligencePages 187–192https://doi.org/10.1145/3724504.3724537,article,ACM
E-learning in the Generative Artificial Intelligence Era: Exploring the Middle Eastern context,Reham Salhab,2025,"The objective of this article is to examine the potential benefits and challenges of generative artificial intelligence (GenAI) in e-learning in the Middle East region. Literature review was conducted and revealed several benefits of GenAI, including but ...",,10.1145/3731626.3689825,https://dl.acm.org/doi/10.1145/3731626.3689825,"eLearn (ELEARN), Volume 2025, Issue 4Article No.: 1https://doi.org/10.1145/3731626.3689825",article,ACM
GAIIS '25: Proceedings of the 2025 2nd International Conference on Generative Artificial Intelligence and Information Security,"16 28,688
 
Highlights",2025,,,proceedings/10.1145/3728725,https://dl.acm.org/doi/proceedings/10.1145/3728725,,article,ACM
User Experience Design Professionals’ Perceptions of Generative Artificial Intelligence,"Jie Li, Hancheng Cao, Laura Lin, Youyang Hou, Ruihao Zhu, Abdallah El Ali",2024,"Among creative professionals, Generative Artificial Intelligence (GenAI) has sparked excitement over its capabilities and fear over unanticipated consequences. How does GenAI impact User Experience Design (UXD) practice, and are fears warranted? We ...",,10.1145/3613904.3642114,https://dl.acm.org/doi/10.1145/3613904.3642114,"CHI '24: Proceedings of the 2024 CHI Conference on Human Factors in Computing SystemsArticle No.: 381, Pages 1–18https://doi.org/10.1145/3613904.3642114",article,ACM
Algorithm risks and governance considerations for Sora generative artificial intelligence,Guangheng Liao,2024,Sora is an artificial intelligence cultural and biological video model released by the American artificial intelligence research company OpenAI. It is a generative artificial intelligence algorithm based on deep learning and neural network technology. ...,,10.1145/3671151.3671178,https://dl.acm.org/doi/10.1145/3671151.3671178,CIBDA '24: Proceedings of the 5th International Conference on Computer Information and Big Data ApplicationsPages 143–147https://doi.org/10.1145/3671151.3671178,article,ACM
A Review of the Role and Impact of Generative Artificial Intelligence on Education,Qi Yang,2025,"In order to ensure quality development in the age of intelligence, it is crucial to integrate intelligent technology with education. Artificial Intelligence (AI) and Generative Artificial Intelligence (GAI) are disruptive technologies in the area of ...",,10.1145/3711403.3711435,https://dl.acm.org/doi/10.1145/3711403.3711435,ICETM '24: Proceedings of the 2024 7th International Conference on Educational Technology ManagementPages 121–127https://doi.org/10.1145/3711403.3711435,article,ACM
Application of Generative Artificial Intelligence in the BOPPPS Teaching Model,"Wenxiang Zhang, Zheng Liang, Tao Xie, Mingxing Liu",2025,"With the rapid development of GenAI technologies represented by systems like ChatGPT and DALL-E, AI applications have become increasingly popular in aspects of content generation, logical reasoning, and learning evaluation. The BOPPPS (Bridge-in, ...",,10.1145/3724504.3724526,https://dl.acm.org/doi/10.1145/3724504.3724526,"ICIEAI '24: Proceedings of the 2024 2nd International Conference on Information Education and Artificial IntelligenceDecember 2024, Pages 124–128https://doi.org/10.1145/3724504.3724526",article,ACM
Generative Artificial Intelligence (AIGC)-based Platform Economy Content Production Model and Marketing Strategy Innovation,"Minpeng Peng, Yawang Wang",2025,"As the platform economy enters the deep-water zone of intelligent transformation, generative artificial intelligence (AIGC) technology is reshaping the core logic of content production and marketing strategy. In this paper, we construct the ‘AIGC-DRIVE’ ...",,10.1145/3745676.3745728,https://dl.acm.org/doi/10.1145/3745676.3745728,ICIIS '25: Proceedings of the 2025 2nd International Conference on Innovation Management and Information SystemPages 356–362https://doi.org/10.1145/3745676.3745728,article,ACM
PlantoGraphy: Incorporating Iterative Design Process into Generative Artificial Intelligence for Landscape Rendering,"Rong Huang, Haichuan Lin, Chuanzhang Chen, Kang Zhang, Wei Zeng",2024,"Landscape renderings are realistic images of landscape sites, allowing stakeholders to perceive better and evaluate design ideas. While recent advances in Generative Artificial Intelligence (GAI (generative artificial intelligence)) enable automated ...",,10.1145/3613904.3642824,https://dl.acm.org/doi/10.1145/3613904.3642824,"CHI '24: Proceedings of the 2024 CHI Conference on Human Factors in Computing SystemsArticle No.: 168, Pages 1–19https://doi.org/10.1145/3613904.3642824",article,ACM
A Design Scheme of STEM Digital Textbook Based on Metaverse and Generative Artificial Intelligence,"Yufei Luo, Danying Ke, Jian Lin",2025,"STEM teaching involves a wealth of interdisciplinary background knowledge. For traditional digital textbooks, due to the lack of a general way to integrate STEM interdisciplinary knowledge, it is difficult to provide learners with a sense of ...",,10.1145/3711403.3711453,https://dl.acm.org/doi/10.1145/3711403.3711453,ICETM '24: Proceedings of the 2024 7th International Conference on Educational Technology ManagementPages 299–308https://doi.org/10.1145/3711403.3711453,article,ACM
MuFIN: A Framework for Automating Multimodal Feedback Generation using Generative Artificial Intelligence,"Jionghao Lin, Eason Chen, Ashish Gurung, Kenneth R. Koedinger",2024,"Written feedback has long been a cornerstone in educational and professional settings, essential for enhancing learning outcomes. However, multimodal feedback-integrating textual, auditory, and visual cues-promises a more engaging and effective learning ...",,10.1145/3657604.3664720,https://dl.acm.org/doi/10.1145/3657604.3664720,L@S '24: Proceedings of the Eleventh ACM Conference on Learning @ ScalePages 550–552https://doi.org/10.1145/3657604.3664720,article,ACM
Instructional Approaches Complementing the Use of Generative Artificial Intelligence in Higher Education,"Catherine Beaton, Elissa Weeden, Stephen Zilora",2024,The explosion of generative artificial intelligence (AI) has created a level of chaos in higher education as both students and faculty try to determine its utility and how best to incorporate it into the learning process. Students may view generative AI ...,,10.1145/3686852.3687075,https://dl.acm.org/doi/10.1145/3686852.3687075,SIGITE '24: Proceedings of the 25th Annual Conference on Information Technology EducationPages 62–67https://doi.org/10.1145/3686852.3687075,article,ACM
Modeling the Chaotic Semantic States of Generative Artificial Intelligence (AI): A Quantum Mechanics Analogy Approach,"Tong Liu, Timothy R. McIntosh, Teo Susnjak, Paul Watters, Malka N. Halgamuge",2025,"Generative AI models have revolutionized intelligent systems by enabling machines to produce human-like content across diverse domains. However, their outputs often exhibit unpredictability due to complex and opaque internal semantic states, posing ...",,10.1145/3757927,https://dl.acm.org/doi/10.1145/3757927,"ACM Transactions on Intelligent Systems and Technology (TIST), Volume 16, Issue 6Article No.: 126, Pages 1–36https://doi.org/10.1145/3757927",article,ACM
Research and Analysis on the Application of Generative Artificial Intelligence Technology in Product Design,"Zhixin Zhou, Junwei Han, Bo Li",2025,"This paper systematically reviews and summarizes the current application status of Generative Artificial Intelligence in product design. This paper analyzes and sorts out the basic concept, research status, application scenarios through literature ...",,10.1145/3726010.3726089,https://dl.acm.org/doi/10.1145/3726010.3726089,"ICADI '24: Proceedings of the 2024 International Conference on Artificial Intelligence, Digital Media Technology and Interaction DesignPages 501–507https://doi.org/10.1145/3726010.3726089",article,ACM
Automated Quality Assessment of Multimodal Mathematical Stories Generated by Generative Artificial Intelligence,"Hai Li, Rui Guo, Chenglu Li, Wanli Xing",2024,"Mathematical stories have demonstrated the ability to bolster the motivation and interest of students in learning mathematics, thereby exerting a positive influence on their academic performance. However, due to a lack of adequate resources and the ...",,10.1145/3657604.3662029,https://dl.acm.org/doi/10.1145/3657604.3662029,L@S '24: Proceedings of the Eleventh ACM Conference on Learning @ ScalePages 110–121https://doi.org/10.1145/3657604.3662029,article,ACM
Research on the Application of Generative Artificial Intelligence in Human-machine Cooperative Teaching,"Zejia Mi, Kangkang Li",2025,The rise of Generative Artificial Intelligence (GAI) has brought new transformations to education. AI-driven educational applications that employ human-machine collaborative teaching are expected to become one of the mainstream teaching methods in the ...,,10.1145/3711403.3711425,https://dl.acm.org/doi/10.1145/3711403.3711425,ICETM '24: Proceedings of the 2024 7th International Conference on Educational Technology ManagementPages 154–159https://doi.org/10.1145/3711403.3711425,article,ACM
The Application of Generative Artificial Intelligence in the Teaching of Engineering Courses in Chinese Universities,"Dong Zhao, Dan Zhang, Xiujuan Ma",2025,"Generative Artificial Intelligence (GenAI) is revolutionizing the field of higher education by leveraging deep learning models to generate human-like content. However, the use of GenAI in education raises ethical concerns such as the potential impact on ...",,10.1145/3711403.3711457,https://dl.acm.org/doi/10.1145/3711403.3711457,ICETM '24: Proceedings of the 2024 7th International Conference on Educational Technology ManagementPages 328–332https://doi.org/10.1145/3711403.3711457,article,ACM
Analysis and Research on Generative Artificial Intelligence in the Field of International Library and Information Science,"Erkai Yan, Mengxiao Gao, Mei Tang",2025,"Generative artificial intelligence is an artificial intelligence technology based on deep learning whose core lies in leveraging computer algorithms and training data to generate new, practically valuable content, encompassing text, images, audio, videos,...",,10.1145/3708036.3708151,https://dl.acm.org/doi/10.1145/3708036.3708151,ICCSMT '24: Proceedings of the 2024 5th International Conference on Computer Science and Management TechnologyPages 679–686https://doi.org/10.1145/3708036.3708151,article,ACM
Towards the Development of a Copyright Risk Checker Tool for Generative Artificial Intelligence Systems,"Grace Billiris, Asif Gill, Ian Oppermann, Mahmood Niazi",2024,"Generative Artificial Intelligence (GAI) is fundamentally changing the ways of working and blurring the boundaries between human and machine-generated contents. While there is an increasing interest in the adoption of GAI systems, such as ChatGPT and DALL-...",,10.1145/3703459,https://dl.acm.org/doi/10.1145/3703459,"Digital Government: Research and Practice (DGOV), Volume 5, Issue 4Article No.: 41, Pages 1–21https://doi.org/10.1145/3703459",article,ACM
Research on the Mechanism and Path of Empowering Rural Industrial Chain and Supply Chain Resilience with Generative Artificial Intelligence,"Xiangjun Yu, Chao Xie",2025,"At the moment when the digital economy is booming, artificial intelligence technology is infiltrating into various fields at an unprecedented speed. Among them, generative artificial intelligence, as a bright new star in the frontier field of artificial ...",,10.1145/3745238.3745312,https://dl.acm.org/doi/10.1145/3745238.3745312,DEAI '25: Proceedings of the 2nd Guangdong-Hong Kong-Macao Greater Bay Area International Conference on Digital Economy and Artificial IntelligencePages 453–459https://doi.org/10.1145/3745238.3745312,article,ACM
The Use of Generative Artificial Intelligence for Upper Secondary Mathematics Education Through the Lens of Technology Acceptance,"Mika Setälä, Ville Heilala, Pieta Sikström, Tommi Kärkkäinen",2025,This study investigated the students' perceptions of using Generative Artificial Intelligence (GenAI) in upper-secondary mathematics education. Data was collected from Finnish high school students to represent how key constructs of the Technology ...,,10.1145/3672608.3707817,https://dl.acm.org/doi/10.1145/3672608.3707817,SAC '25: Proceedings of the 40th ACM/SIGAPP Symposium on Applied ComputingPages 74–82https://doi.org/10.1145/3672608.3707817,article,ACM
"Generative Artificial Intelligence for Future Education: Current Research Status, Hot Spots, and Research Trends",Xiaotian Han,2025,"Generative artificial intelligence (GenAI), leveraging deep learning techniques such as neural networks, is revolutionizing education. This study explores the current research status, key areas, and emerging trends by analyzing 2,856 papers from 2014 to ...",,10.1145/3708597.3708606,https://dl.acm.org/doi/10.1145/3708597.3708606,"ICACS '24: Proceedings of the 2024 8th International Conference on Algorithms, Computing and SystemsPages 56–61https://doi.org/10.1145/3708597.3708606",article,ACM
An Autoethnographic Case Study of Generative Artificial Intelligence's Utility for Accessibility,"Kate S Glazko, Momona Yamagami, Aashaka Desai, Kelly Avery Mack, Venkatesh Potluri, Xuhai Xu, Jennifer Mankoff",2023,"With the recent rapid rise in Generative Artificial Intelligence (GAI) tools, it is imperative that we understand their impact on people with disabilities, both positive and negative. However, although we know that AI in general poses both risks and ...",,10.1145/3597638.3614548,https://dl.acm.org/doi/10.1145/3597638.3614548,"ASSETS '23: Proceedings of the 25th International ACM SIGACCESS Conference on Computers and AccessibilityArticle No.: 99, Pages 1–8https://doi.org/10.1145/3597638.3614548",article,ACM
GAIIS '24: Proceedings of the 2024 International Conference on Generative Artificial Intelligence and Information Security,"33 6,589
 
Highlights",2024,,,proceedings/10.1145/3665348,https://dl.acm.org/doi/proceedings/10.1145/3665348,,article,ACM
Research on the Mechanism for Enhancing Undergraduate Students' Information Security Behavior in the Context of Generative Artificial Intelligence,Yuhua Cao,2025,Improving undergraduate students' ability to cope with cyber risks is one of the key issues to be addressed in the digital transformation of higher education in the era of generative artificial intelligence. In order to explore how to improve ...,,10.1145/3723890.3723902,https://dl.acm.org/doi/10.1145/3723890.3723902,"CNSCT '25: Proceedings of the 2025 4th International Conference on Cryptography, Network Security and Communication TechnologyPages 69–74https://doi.org/10.1145/3723890.3723902",article,ACM
Generative Artificial Intelligence Empowers the Research of Digital Textbooks in Vocational Education,"Yao Xu, Xiao Jian",2025,This research focuses on the application of AIGC in vocational education digital textbooks and how RAG technology can be used to further improve the interactivity and educational effectiveness of digital textbooks. The paper first analyzes the ...,,10.1145/3722237.3722377,https://dl.acm.org/doi/10.1145/3722237.3722377,ICAIE '24: Proceedings of the 2024 3rd International Conference on Artificial Intelligence and EducationPages 802–806https://doi.org/10.1145/3722237.3722377,article,ACM
Research on the Transformation of Music Education Model under the Background of Generative Artificial Intelligence,"Zhi-Fang Li, Shuo zhao, Ya-Chen Zhang",2024,"Since 2022, the rapid development of generative artificial intelligence systems represented by Chat-GPT has profoundly influenced various fields. This article briefly introduces the development process of generative artificial intelligence models in ...",,10.1145/3678726.3678778,https://dl.acm.org/doi/10.1145/3678726.3678778,ICEMT '24: Proceedings of the 2024 8th International Conference on Education and Multimedia TechnologyPages 60–64https://doi.org/10.1145/3678726.3678778,article,ACM
The logical transformation and realization path of generative artificial intelligence empowerment instructional design from the perspective of digital transformation,"Shuai Zhang, Hong Li, Xuanchao Chen",2025,"The precise empowerment instructional design of generative artificial intelligence is a key means to promote and improve the quality of teaching, which responds to the urgent needs of China 's digital transformation. As a new generation of digital ...",,10.1145/3724504.3724511,https://dl.acm.org/doi/10.1145/3724504.3724511,"ICIEAI '24: Proceedings of the 2024 2nd International Conference on Information Education and Artificial IntelligenceDecember 2024, Pages 34–39https://doi.org/10.1145/3724504.3724511",article,ACM
Beyond Text-to-Text: An Overview of Multimodal and Generative Artificial Intelligence for Education Using Topic Modeling,"Ville Heilala, Roberto Araya, Raija Hämäläinen",2025,"Generative artificial intelligence (GenAI) can reshape education and learning. While large language models (LLMs) like ChatGPT dominate current educational research, multimodal capabilities—such as text-to-speech and text-to-image—are less explored. This ...",,10.1145/3672608.3707764,https://dl.acm.org/doi/10.1145/3672608.3707764,"SAC '25: Proceedings of the 40th ACM/SIGAPP Symposium on Applied ComputingMarch 2025, Pages 54–63https://doi.org/10.1145/3672608.3707764",article,ACM
Impacts of the Usage of Generative Artificial Intelligence on Software Development Process,"Patricia de Oliveira Santos, Allan Chamon Figueiredo, Pedro Nuno Moura, Bruna Diirr, Adriana C. F. Alvim, Rodrigo Pereira Dos Santos",2024,"Context: Over the years, tools have been created to improve the execution of development process activities. The emergence of generative Artificial Intelligence (AI) and, more recently, the launch and dissemination of Copilot, ChatGPT-3 and other ...",,10.1145/3658271.3658337,https://dl.acm.org/doi/10.1145/3658271.3658337,"SBSI '24: Proceedings of the 20th Brazilian Symposium on Information SystemsArticle No.: 65, Pages 1–9https://doi.org/10.1145/3658271.3658337",article,ACM
Learning Assessment for Open Education Learners in the Era of Generative Artificial Intelligence,"Yuanyi Qi, Lamei Wang",2024,"Generative Artificial Intelligence (AI) tools are now used by students to do their learning assessment, thus impairing the value of such learning assessment. For open education learners who aim to just obtain adult education diplomas, particularly, the ...",,10.1145/3678392.3678405,https://dl.acm.org/doi/10.1145/3678392.3678405,ICFET '24: Proceedings of the 2024 10th International Conference on Frontiers of Educational TechnologiesPages 38–44https://doi.org/10.1145/3678392.3678405,article,ACM
How Can Generative Artificial Intelligence Techniques Facilitate Intelligent Research into Ancient Books?,"Jiangfeng Liu, Xueliang Ma, Lanyu Wang, Lei Pei",2024,"Generative AI changes the paradigm of natural language processing research, sets off a new trend of research in computational humanities and computational social sciences, and provides unique perspectives on digital intelligence-enabled ancient book ...",,10.1145/3690391,https://dl.acm.org/doi/10.1145/3690391,"Journal on Computing and Cultural Heritage (JOCCH), Volume 17, Issue 4Article No.: 57, Pages 1–20https://doi.org/10.1145/3690391",article,ACM
Interdisciplinary Perspectives on Generative Artificial Intelligence Adoption in Higher Education: A Theoretical Framework Review,"James Ewert Duah, Xin Lu, Paul McGivern, Yanguo Jing",2025,"The ongoing integration of Generative Artificial Intelligence (GenAI) within higher education (HE) signifies a pivotal shift in pedagogical paradigms, demanding comprehensive theoretical and practical considerations. This paper critically examines the ...",,10.1145/3704289.3704293,https://dl.acm.org/doi/10.1145/3704289.3704293,ICBDE '24: Proceedings of the 2024 7th International Conference on Big Data and EducationPages 1–9https://doi.org/10.1145/3704289.3704293,article,ACM
Assessment in CS50 with AI: Leveraging Generative Artificial Intelligence for Personalized Student Evaluation,"Rongxin Liu, Benjamin Xu, Christopher Perez, Julianna Zhao, Yuliia Zhukovets, David J. Malan",2025,"The scalability challenges of code review and pair-programming assessments in large computer science courses, such as CS50 at Harvard University, have opened up opportunities for the application of Generative AI. Leveraging large language models (LLMs), ...",,10.1145/3641555.3705061,https://dl.acm.org/doi/10.1145/3641555.3705061,SIGCSETS 2025: Proceedings of the 56th ACM Technical Symposium on Computer Science Education V. 2Page 1735https://doi.org/10.1145/3641555.3705061,article,ACM
Policy Interventions and Regulations on Generative Artificial Intelligence: Key Gaps and Core Challenges,"Shiming Hu, Yifan Li",2024,"This study examines policy interventions and regulation of generative artificial intelligence (AI), focusing on key differences in generative AI policy in the EU, the US, and China. Using a comparative research methodology, the study analyzed the most ...",,10.1145/3657054.3659122,https://dl.acm.org/doi/10.1145/3657054.3659122,dg.o '24: Proceedings of the 25th Annual International Conference on Digital Government ResearchPages 1034–1036https://doi.org/10.1145/3657054.3659122,article,ACM
Turning Real-Time Analytics into Adaptive Scaffolds for Self-Regulated Learning Using Generative Artificial Intelligence,"Tongguang Li, Debarshi Nath, Yixin Cheng, Yizhou Fan, Xinyu Li, Mladen Raković, Hassan Khosravi, Zachari Swiecki, Yi-Shan Tsai, Dragan Gašević",2025,"In computer-based learning environments (CBLEs), adopting effective self-regulated learning (SRL) strategies requires sophisticated coordination of multiple SRL processes. While various studies have proposed adaptive SRL scaffolds (i.e. real-time advice ...",,10.1145/3706468.3706559,https://dl.acm.org/doi/10.1145/3706468.3706559,LAK '25: Proceedings of the 15th International Learning Analytics and Knowledge ConferencePages 667–679https://doi.org/10.1145/3706468.3706559,article,ACM
Research on the Influencing Factors of University Teachers' Acceptance of Generative Artificial Intelligence Technology,Yuhua Cao,2025,"In order to investigate the influencing factors and their action mechanism for university teachers' acceptance of generative AI, this paper integrates the TAM and TOE model, focuses on the variables of self-efficacy, technological efficiency, ...",,10.1145/3732801.3732821,https://dl.acm.org/doi/10.1145/3732801.3732821,IECA '25: Proceedings of the 2025 2nd International Conference on Informatics Education and Computer Technology ApplicationsPages 93–99https://doi.org/10.1145/3732801.3732821,article,ACM
A Study on the Pathways of Generative Artificial Intelligence (GenAI) Collaborating with Cultural and Creative Product Innovation Design Driven by New-Form Productivity,"Ying Lin, Xuefei Wu",2025,"With the rapid development of the digital economy, the deep integration of digital technology and the cultural and creative industries has become an important pathway to promote the high-quality development of the cultural industry. The report of the 20th ...",,10.1145/3756580.3756623,https://dl.acm.org/doi/10.1145/3756580.3756623,"ICEKIM '25: Proceedings of the 2025 6th International Conference on Education, Knowledge and Information ManagementPages 263–269https://doi.org/10.1145/3756580.3756623",article,ACM
Applications and Challenges of Generative Artificial Intelligence Enabling Critical Thinking Development in International Undergraduate Education,"Yan Lin, Lu Zhang",2025,"In today's fast-changing information-exploding era, developing students' critical thinking has become one of the most important tasks in international undergraduate education. Generative AI can simulate human creativity and imagination, providing brand-...",,10.1145/3722237.3722399,https://dl.acm.org/doi/10.1145/3722237.3722399,ICAIE '24: Proceedings of the 2024 3rd International Conference on Artificial Intelligence and EducationPages 944–949https://doi.org/10.1145/3722237.3722399,article,ACM
Towards Characterizing Trust in Generative Artificial Intelligence among Students,"Matin Amoozadeh, David Daniels, Stella Chen, Daye Nam, Aayush Kumar, Michael Hilton, Mohammad Amin Alipour, Sruti Srinivasa Ragavan",2023,,,10.1145/3568812.3603469,https://dl.acm.org/doi/10.1145/3568812.3603469,ICER '23: Proceedings of the 2023 ACM Conference on International Computing Education Research - Volume 2Pages 3–4https://doi.org/10.1145/3568812.3603469,article,ACM
Design and Implementation of CDIO Teaching Empowered by Generative Artificial Intelligence: Taking the Course of “Post-Production Visual Effects” as an Example,"Limeng Wang, Pingzhang Gou, Tianzhiwen Teng",2025,"The CDIO model emphasizes project-based learning, mainly to cultivate students’ ability to integrate knowledge and apply innovative practices. It helps achieve the teaching objectives of practical courses in a particular way. Today, generative artificial ...",,10.1145/3756580.3756652,https://dl.acm.org/doi/10.1145/3756580.3756652,"ICEKIM '25: Proceedings of the 2025 6th International Conference on Education, Knowledge and Information ManagementPages 435–439https://doi.org/10.1145/3756580.3756652",article,ACM
Session details: TRACK 16: Implications of Generative Artificial Intelligence for Government,"Fadi Salem, Gianluca Misuraca, Theresa A. Pardo",2024,,,10.1145/3670740,https://dl.acm.org/doi/10.1145/3670740,dg.o '24: Proceedings of the 25th Annual International Conference on Digital Government Researchhttps://doi.org/10.1145/3670740,article,ACM
Multimodal Emotion Analysis of Online Product Marketing Information in Social Interaction and Internet Behavior Based on Generative Artificial Intelligence,"Lu Ding, Xiake Li, Naifeng Liang, Wei Pi",2025,"With the proliferation of multimodal data such as text, images and videos on social networks, it is particularly important to extract valuable information from these diverse data sources. In this study, a multimodal sentiment analysis framework based on ...",,10.1145/3745238.3745511,https://dl.acm.org/doi/10.1145/3745238.3745511,DEAI '25: Proceedings of the 2nd Guangdong-Hong Kong-Macao Greater Bay Area International Conference on Digital Economy and Artificial IntelligencePages 1743–1752https://doi.org/10.1145/3745238.3745511,article,ACM
EmoEden: Applying Generative Artificial Intelligence to Emotional Learning for Children with High-Function Autism,"Yilin Tang, Liuqing Chen, Ziyu Chen, Wenkai Chen, Yu Cai, Yao Du, Fan Yang, Lingyun Sun",2024,"Children with high-functioning autism (HFA) often face challenges in emotional recognition and expression, leading to emotional distress and social difficulties. Conversational agents developed for HFA children in previous studies show limitations in ...",,10.1145/3613904.3642899,https://dl.acm.org/doi/10.1145/3613904.3642899,"CHI '24: Proceedings of the 2024 CHI Conference on Human Factors in Computing SystemsArticle No.: 1001, Pages 1–20https://doi.org/10.1145/3613904.3642899",article,ACM
A Path Study of Generative Artificial Intelligence Enabling Online Education Platforms in Colleges and Universities,"Xiling Wang, Lei Lei",2024,"With the development of Internet and AI technologies, online education platforms in colleges and universities face challenges in personalized teaching and teacher-student interaction. Based on the technical characteristics of generative AI, combined with ...",,10.1145/3700297.3700354,https://dl.acm.org/doi/10.1145/3700297.3700354,ISAIE '24: Proceedings of the 2024 International Symposium on Artificial Intelligence for EducationPages 332–338https://doi.org/10.1145/3700297.3700354,article,ACM
Path Exploration of Generative Artificial Intelligence Enabling the Construction of Civic Education in Primary and Secondary Schools,"Qishan Zhang, Yuxin Luo, Wenxuan Ren, Syamsul Nor Azlan Mohamad, Jingjing Shi, Huichun Ning",2024,"This study focuses on the application of generative artificial intelligence in the resource library for moral and civic education in primary and secondary schools, exploring its integration, evaluation, and development pathways for educational materials. ...",,10.1145/3700297.3700308,https://dl.acm.org/doi/10.1145/3700297.3700308,ISAIE '24: Proceedings of the 2024 International Symposium on Artificial Intelligence for EducationPages 59–64https://doi.org/10.1145/3700297.3700308,article,ACM
Generative Artificial Intelligence in Learning Analytics: Contextualising Opportunities and Challenges through the Learning Analytics Cycle,"Lixiang Yan, Roberto Martinez-Maldonado, Dragan Gasevic",2024,"Generative artificial intelligence (GenAI), exemplified by ChatGPT, Midjourney, and other state-of-the-art large language models and diffusion models, holds significant potential for transforming education and enhancing human productivity. While the ...",,10.1145/3636555.3636856,https://dl.acm.org/doi/10.1145/3636555.3636856,LAK '24: Proceedings of the 14th Learning Analytics and Knowledge ConferencePages 101–111https://doi.org/10.1145/3636555.3636856,article,ACM
Application and Impact of Generative Artificial Intelligence Techniques in Education--Citespace-based visualization and analysis,"Wenjie Fang, Bin Luo",2025,"Recently, generative AI technology has arisen as a trending research agenda in education. This study makes an review of 260 documents from the CNKI database published from 2020 to 2024. Through the bibliometric and content analysis methods, together with ...",,10.1145/3722237.3722258,https://dl.acm.org/doi/10.1145/3722237.3722258,ICAIE '24: Proceedings of the 2024 3rd International Conference on Artificial Intelligence and EducationPages 117–122https://doi.org/10.1145/3722237.3722258,article,ACM
Early Adoption of Generative Artificial Intelligence in Computing Education: Emergent Student Use Cases and Perspectives in 2023,"C. Estelle Smith, Kylee Shiekh, Hayden Cooreman, Sharfi Rahman, Yifei Zhu, Md Kamrul Siam, Michael Ivanitskiy, Ahmed M. Ahmed, Michael Hallinan, Alexander Grisak, Gabe Fierro",2024,"Because of the rapid development and increasing public availability of Generative Artificial Intelligence (GenAI) models and tools, educational institutions and educators must immediately reckon with the impact of students using GenAI. There is limited ...",,10.1145/3649217.3653575,https://dl.acm.org/doi/10.1145/3649217.3653575,ITiCSE 2024: Proceedings of the 2024 on Innovation and Technology in Computer Science Education V. 1Pages 3–9https://doi.org/10.1145/3649217.3653575,article,ACM
Research on the scenario application of generative artificial intelligence in ideological and political education of colleges and universities,"Xiaoping Ran, yuyue zeng",2024,"with the rapid development of generative artificial intelligence technology, its application in the field of education is increasingly extensive. The positions outside the first classroom, such as the university network space, the campus environment and ...",,10.1145/3696500.3696575,https://dl.acm.org/doi/10.1145/3696500.3696575,ICBDDM '24: Proceedings of the 2024 International Conference on Big Data and Digital ManagementPages 454–459https://doi.org/10.1145/3696500.3696575,article,ACM
A Study on the Behavioral Intention of Primary and Secondary School Teachers Using Generative Artificial Intelligence in Teaching,"Min Li, Heng Zhang",2024,"With the continuous penetration of AI technology in the field of education, generative artificial intelligence (AIGC), one of its forms, has begun to be applied to teaching in primary and secondary schools. This study focuses on the behavioral intentions ...",,10.1145/3675812.3675870,https://dl.acm.org/doi/10.1145/3675812.3675870,ICDEL '24: Proceedings of the 2024 9th International Conference on Distance Education and LearningPages 35–41https://doi.org/10.1145/3675812.3675870,article,ACM
Teaching CS50 with AI: Leveraging Generative Artificial Intelligence in Computer Science Education,"Rongxin Liu, Carter Zenke, Charlie Liu, Andrew Holmes, Patrick Thornton, David J. Malan",2024,"In Summer 2023, we developed and integrated a suite of AI-based software tools into CS50 at Harvard University. These tools were initially available to approximately 70 summer students, then to thousands of students online, and finally to several hundred ...",,10.1145/3626252.3630938,https://dl.acm.org/doi/10.1145/3626252.3630938,SIGCSE 2024: Proceedings of the 55th ACM Technical Symposium on Computer Science Education V. 1Pages 750–756https://doi.org/10.1145/3626252.3630938,article,ACM
Opportunities and Challenges of Generative Artificial Intelligence in Facilitating Learning for Chinese University Students,"Shuaiyao Ma, Lei Lei",2024,"With the emergence of Artificial Intelligence in General Chat (AIGC), represented by ChatGPT, collaborative learning tasks between university students and machines have become a new norm in higher education. Simply prohibiting this new wave of technology ...",,10.1145/3660043.3660178,https://dl.acm.org/doi/10.1145/3660043.3660178,ICIEAI '23: Proceedings of the 2023 International Conference on Information Education and Artificial IntelligencePages 756–760https://doi.org/10.1145/3660043.3660178,article,ACM
The Roles and Functions of Foreign Language Teachers of China in the Context of Generative Artificial Intelligence,"Yushuang Zhang, Miao Miao",2024,"With the rapid development of Generative Artificial Intelligence (Generative AI) technology, its application in the field of foreign language teaching is becoming increasingly widespread, showing great potential for improving teaching efficiency and ...",,10.1145/3687311.3687415,https://dl.acm.org/doi/10.1145/3687311.3687415,IECT '24: Proceedings of the 2024 International Conference on Intelligent Education and Computer TechnologyPages 584–586https://doi.org/10.1145/3687311.3687415,article,ACM
Pathways and Empirical Research on Generative Artificial Intelligence Empowering Curriculum Reform in Higher Education: A Case Study of the 'Customer Relationship Management' Course,"Miaoxian Wu, Jinhe Wu",2025,"Paradigm-breaking innovations in generative artificial intelligence (GAI) are revolutionizing the landscape of postgraduate education at an unprecedented rate.This work chooses a Chinese university's ""Customer Relationship Management"" course as a case and ...",,10.1145/3756580.3756627,https://dl.acm.org/doi/10.1145/3756580.3756627,"ICEKIM '25: Proceedings of the 2025 6th International Conference on Education, Knowledge and Information ManagementPages 289–294https://doi.org/10.1145/3756580.3756627",article,ACM
News from Generative Artificial Intelligence Is Believed Less,"Chiara Longoni, Andrey Fradkin, Luca Cian, Gordon Pennycook",2022,"Artificial Intelligence (AI) can generate text virtually indistinguishable from text written by humans. A key question, then, is whether people believe news headlines generated by AI as much as news headlines generated by humans. AI is viewed as lacking ...",,10.1145/3531146.3533077,https://dl.acm.org/doi/10.1145/3531146.3533077,"FAccT '22: Proceedings of the 2022 ACM Conference on Fairness, Accountability, and TransparencyPages 97–106https://doi.org/10.1145/3531146.3533077",article,ACM
A Hybrid Prototype Method Combining Physical Models and Generative Artificial Intelligence to Support Creativity in Conceptual Design,"Hongbo Zhang, Pei Chen, Xuelong Xie, Zhaoqu Jiang, Zihong Zhou, Lingyun Sun",2024,"Conceptual design is an essential stage in the design process, and its ultimate success largely depends on designers’ creativity. Both physical and digital prototypes are commonly adopted by designers to support ideation and creativity, providing ...",,10.1145/3689433,https://dl.acm.org/doi/10.1145/3689433,"ACM Transactions on Computer-Human Interaction (TOCHI), Volume 31, Issue 5Article No.: 65, Pages 1–34https://doi.org/10.1145/3689433",article,ACM
Introduction to the research on the path of generative artificial intelligence technology ChatGPT to help teachers' professional development,"Wenqian Qi, Mengmeng Liu, Na Li, Chenfei Qu, Shaoqing Wang, Yuanmeng Li, Mengyue Zhao, Chao Liu",2024,"This research explores the application of ChatGPT, a generative artificial intelligence technology, in the field of education. ChatGPT, short for ""generative pre-training,"" continuously evolves and adapts through user feedback, facilitating authentic ...",,10.1145/3700297.3700395,https://dl.acm.org/doi/10.1145/3700297.3700395,ISAIE '24: Proceedings of the 2024 International Symposium on Artificial Intelligence for EducationPages 568–573https://doi.org/10.1145/3700297.3700395,article,ACM
Teaching CS50 with AI: Leveraging Generative Artificial Intelligence in Computer Science Education,"Rongxin Liu, Carter Zenke, Charlie Liu, Andrew Holmes, Patrick Thornton, David J. Malan",2024,"CS50.ai is an AI-based educational tool developed and integrated into CS50 at Harvard University using large language models (LLMs), supporting both in-person and online learners. CS50.ai encapsulates a variety of AI-based tools designed to enhance ...",,10.1145/3626253.3635427,https://dl.acm.org/doi/10.1145/3626253.3635427,SIGCSE 2024: Proceedings of the 55th ACM Technical Symposium on Computer Science Education V. 2Page 1927https://doi.org/10.1145/3626253.3635427,article,ACM
The Research on the Influencing Factors of College Students'Dishonest Behaviors in Online Learning in the background of Generative Artificial Intelligence,"Ningning Song, Fengwu Han, Pengyang He",2025,"With the popularity of online learning and the development of generative artificial intelligence technology, a significant scale of dishonest behaviors have emerged in the online learning environment, directly harming the construction and development of ...",,10.1145/3711403.3711408,https://dl.acm.org/doi/10.1145/3711403.3711408,ICETM '24: Proceedings of the 2024 7th International Conference on Educational Technology ManagementPages 28–35https://doi.org/10.1145/3711403.3711408,article,ACM
7th International Workshop on Software-intensive Business (IWSiB 2024): Software-intensive Business in the Era of Generative Artificial Intelligence,"Jorge Melegati, Dimitri Petrik, Andrey Saltan",2024,"The 7th International Workshop on Software-intensive Business (IWSiB'24), held on April 16, 2024, in Lisbon, Portugal, as part of the 46th International Conference on Software Engineering (ICSE 2024), brought together diverse research communities to ...",,10.1145/3696117.3696123,https://dl.acm.org/doi/10.1145/3696117.3696123,"ACM SIGSOFT Software Engineering Notes (SIGSOFT), Volume 49, Issue 4Pages 22–25https://doi.org/10.1145/3696117.3696123",article,ACM
"""I'd Never Actually Realized How Big An Impact It Had Until Now"": Perspectives of University Students with Disabilities on Generative Artificial Intelligence","Alex Atcheson, Omar Khan, Brian Siemann, Anika Jain, Karrie Karahalios",2025,Prior research on the experiences of students with disabilities in higher education has surfaced a number of barriers that prevent full inclusion. Generative artificial intelligence (GenAI) has begun to attract interest for its potential to address ...,,10.1145/3706598.3714121,https://dl.acm.org/doi/10.1145/3706598.3714121,"CHI '25: Proceedings of the 2025 CHI Conference on Human Factors in Computing SystemsArticle No.: 42, Pages 1–22https://doi.org/10.1145/3706598.3714121",article,ACM
Based on the generative artificial intelligence painting model Stable Diffusion Application and Research in Product Appearance Design,Guoliang Mu,2025,"Generative AI technology, mainly based on AIGC, has been developed at a fast-moving speed recently, among which Stable Diffusion uses diffusion models, possessing strong and surprising performance on image creation or processing. This paper aims to ...",,10.1145/3726010.3726032,https://dl.acm.org/doi/10.1145/3726010.3726032,"ICADI '24: Proceedings of the 2024 International Conference on Artificial Intelligence, Digital Media Technology and Interaction DesignPages 154–159https://doi.org/10.1145/3726010.3726032",article,ACM
Design and application of a web front-end development course training platform based on generative artificial intelligence and low code development,Qiang Shan,2024,"With the rapid development of artificial intelligence technology, generative artificial intelligence has shown strong application potential in various fields, and low code development has become a popular choice for quickly building application systems ...",,10.1145/3691720.3691768,https://dl.acm.org/doi/10.1145/3691720.3691768,EKI '24: Proceedings of the 2nd International Conference on Educational Knowledge and InformatizationPages 287–291https://doi.org/10.1145/3691720.3691768,article,ACM
The Practicality and Teaching Effect of Intelligent Teaching Platform for Virtual Training and Simulation Operation Based on Generative Artificial Intelligence Technology in Vocational Education in Jiangsu Province,Yushui Xiao,2025,"In the face of the high requirements of vocational education for practical skills training, as well as the poor results and high costs of traditional training, this study aims to build an efficient and intelligent virtual training and simulation operation ...",,10.1145/3757749.3757817,https://dl.acm.org/doi/10.1145/3757749.3757817,"ICCMT '25: Proceedings of the 2025 2nd International Conference on Computer and Multimedia TechnologyJune 2025, Pages 410–415https://doi.org/10.1145/3757749.3757817",article,ACM
The image-generative artificial intelligence Midjourney empowers Chinese landscape painting teaching and creation with positive nurturing,"Jinyong Wu, Yujia Cui, Yingwei Cui",2024,"This study explores the positive impacts of the image-generative AI, Midjourney, on teaching and creating Chinese landscape paintings. Amid the rapid development of image-generative AI, Midjourney acts as an ""assistive creative tool"" in the creation of ...",,10.1145/3691016.3691035,https://dl.acm.org/doi/10.1145/3691016.3691035,"IPICE '24: Proceedings of the 2024 International Conference on Image Processing, Intelligent Control and Computer EngineeringPages 104–108https://doi.org/10.1145/3691016.3691035",article,ACM
The Current Status and Trends of Research on the Impact of Generative Artificial Intelligence on Employment in China,"Wei Ji, Jian Sun, Biaoxin Chen, Chuangli Luo",2024,"With the increasing expansion of technology application scenarios, generative artificial intelligence is set to significantly boost global productivity and profoundly impact China's employment market. This article employs 218 academic papers from 2013 to ...",,10.1145/3675417.3675574,https://dl.acm.org/doi/10.1145/3675417.3675574,DEAI '24: Proceedings of the 2024 Guangdong-Hong Kong-Macao Greater Bay Area International Conference on Digital Economy and Artificial IntelligencePages 948–953https://doi.org/10.1145/3675417.3675574,article,ACM
Analyzing Key Influencing Factors of University Teachers45 Use of Generative Artificial Intelligence in a Small-Sample Data Environment,"Shitou Liu, Zhenjie Liang, Ling Zhang",2024,"This study focuses on exploring the key factors influencing the use of generative artificial intelligence (AI) by university teachers in the context of digital education, particularly in the backdrop of human-computer interaction. Considering the ...",,10.1145/3675417.3675461,https://dl.acm.org/doi/10.1145/3675417.3675461,DEAI '24: Proceedings of the 2024 Guangdong-Hong Kong-Macao Greater Bay Area International Conference on Digital Economy and Artificial IntelligencePages 271–279https://doi.org/10.1145/3675417.3675461,article,ACM
Study on the Role of Generative Artificial Intelligence in Advancing the Knowledge System of Traditional Chinese Medicine in Higher Education,"Jingchao Li, Meiwei Zhan, Shanshan Li",2025,The transfer and promotion of effectively inheritance and innovation of knowledge is a problem that higher education of Chinese medicine must face. This study provides a novel generative AI framework to promote the inheritance and innovative development ...,,10.1145/3729605.3729611,https://dl.acm.org/doi/10.1145/3729605.3729611,ICBDIE '25: Proceedings of the 2025 International Conference on Big Data and Informatization EducationPages 28–33https://doi.org/10.1145/3729605.3729611,article,ACM
Research on the educational application of generative artificial intelligence images in the design of semiotics learning models,"Ming-Yu Hsiao, Simo Zhang",2024,"Generative Artificial Intelligence (AI) has emerged as a novel technology with profound implications for education and deep learning, particularly due to its advancements in image generation. This progress has had a disruptive impact on the design ...",,10.1145/3637907.3637947,https://dl.acm.org/doi/10.1145/3637907.3637947,ICETM '23: Proceedings of the 2023 6th International Conference on Educational Technology ManagementPages 8–15https://doi.org/10.1145/3637907.3637947,article,ACM
